"国","日付","タイトル（日本語）","内容（日本語）","出展サイト","画像URL","URL","LLM判定","画像判定","内装関連度","内装判定理由","タイトル","内容"
"日本","2026-09-12","BRIDE、新スポーツシート『ジーグフォー・クラシック』受注開始、クラシカルデザインと最新性能を融合","BRIDE（ブリッド）は9月11日より、FRPシルバーシェルを採用し背面シェルをハーフカバー構造とした新スポーツシート「ZIEGⅣ Classic」および「ZIEGⅣ WIDE Classic」の受注を開始した。小径ベルトホールやローマックスシステムといった先代の特徴と最新性能を融合させ、車検対応に必要な別売プロテクターが不要なモデルとなっている。カラーはブラックのみで日本製の難燃生地を使用し、ジーグフォー・クラシックは約7.7kg、ワイド・クラシックは約8.7kg、価格はそれぞれ17万8200円と18万9200円である。","レスポンス","https://newsatcl-pctr.c.yimg.jp/t/amd-img/20260913-00000005-rps-000-1-view.jpg","https://news.yahoo.co.jp/articles/0ee68327c772e31811b5c0015f86575fc06f4f55?source=rss","対象","あり","100.0","seat and display plus cabin image","ブリッド、新スポーツシート『ジーグフォー・クラシック』の受注を開始、クラシカルデザインと最新性能を融合(レスポンス)","自動車レース用シートの老舗・BRIDE（ブリッド）は、クラシカルデザインの新スポーツシート「ZIEGⅣ Classic（ジーグフォー・クラシック）／ZIEGⅣ WIDE Classic（ジーグフォー・"
"日本","2026-09-11","ポルシェ911カレラに調音施工、ホイールハウスでノイズ低減","BEWITHの調音施工は、ポルシェ911カレラ（992.1型）のホイールハウス周辺に専用素材のADVANS調音シートを貼り付ける。これにより路面からの小石音やロードノイズを抑えつつ、911らしいエンジンサウンドは残す。施工は全国で予約制の日帰りで行える。","レスポンス","https://newsatcl-pctr.c.yimg.jp/t/amd-img/20260911-00000026-rps-000-1-view.jpg","https://news.yahoo.co.jp/articles/693541e0150bf6721ab806744bc78dcef75898ce?source=rss","対象","あり","78.0","seat and display plus cabin image","クルマが静かになると走りまで上質に感じる？ ポルシェ911に「調音施工」を施してみた(レスポンス)","BEWITH（ビーウィズ）の「調音施工」は専用素材を使って走行中の不快な音を抑え、車内を快適にする静粛化プログラムだ。今回はポルシェ『911カレラ』（992.1型）への施工例から、その効果と魅力を紹介"
"日本","2026-09-11","レクサスRXモリゾウRR、ニュルでテスト開始。14インチディスプレイにダイヤル消滅","レクサスRXの高性能プロトタイプ「RXモリゾウRR」がニュルブルクリンクでテストを開始。ボンネットの大型メッシュスクープや21インチホイール、ブレンボ製ブレーキ、デュアルエキゾーストが確認。インテリアでは14インチディスプレイに物理ダイヤルが消えた点も注目される。","carview!","https://newsatcl-pctr.c.yimg.jp/t/amd-img/20260911-00010010-carv-000-1-view.jpg","https://news.yahoo.co.jp/articles/5d38191871b1eff59aa39b9dee494be01424bcc2?source=rss","対象","あり","79.0","seat and display plus cabin image","【スクープ】レクサス「RX モリゾウRR」テスト車をニュルで捕捉。ダイヤルが消えた14インチディスプレイにも注目！(carview！)","レクサス「RX」史上最強となる可能性を秘めたハイパフォーマンスSUVが、いよいよ“聖地”ニュルブルクリンクで本格的な高速テストを開始しました。  スクープ班はこれまで、豊田章男会長の愛称を冠した「RX"
"日本","2026-09-11","国産車20km/h刻みに対し300km/h表示は高性能イメージ演出のため","国産車は最高速度180km/hで20km/h刻みだが、300km/hまで表示されたメーターは高性能を想起させ満足感を演出する。制限速度130km/hの欧州や112km/hの英国など、海外では速度表示も異なる。","WEB CARTOP","https://newsatcl-pctr.c.yimg.jp/t/amd-img/20260911-00010003-wcartop-000-1-view.jpg","https://news.yahoo.co.jp/articles/9ef4da1e5d9ce54838a6f56725c4ec7bce2a6ffa?source=rss","対象","あり","92.0","dashboard and instrument cluster image plus cabin image","世界を見渡しても最高130km/h程度なのになぜ？　高性能市販車が使わなくても「300km/hまで表示のあるメーター」を採用する理由(WEB CARTOP)","スピードメーターパネルの速度表示に疑問をもったことはないだろうか？　ひょっとして、愛車の速度表示がどうなっているのか、はっきりと覚えていない人もいるのでは？  　現状、国産車の場合は20km/h刻み"
"日本","2026-09-13","左足を軸足に変えて疲労軽減！NEOPLOTフットレストバーNEOが1万2100円で登場","長距離ドライブの腰痛を軽減するNEOPLOT「フットレストバーNEO」が1万2100円で登場。左足を「軸足」として支えるバー形状を採用し、汎用タイプをリニューアルしてコンパクトなスペースにも取り付けやすい仕様となっている。","Auto Messe Web","https://newsatcl-pctr.c.yimg.jp/t/amd-img/20260913-00010008-amweb-000-1-view.jpg","https://news.yahoo.co.jp/articles/daa526ec66bc1688a303d17672a6f225ff87fd5c?source=rss","対象","あり","79.0","footrest bar accessory for driver comfort and fatigue reduction, with clear inte","左足を「軸足」に変えて身体を安定！ 長距離ドライブの疲労を抑える「フットレストバーNEO」(Auto Messe Web)","長距離ドライブの疲労を足元から軽減する画期的なパーツが登場した。クルマを運転していて腰が落ち着かない、長距離を走ると疲れやすい。そんな悩みの原因は、シートやステアリングだけではなく左足を置くフットレス"
"日本","2026-09-12","新型パジェロは悪路快適性とヤマハ音響で上質さ追求","2026年9月2日ワールドプレミアの新型パジェロは、専用開発ラダーフレームとS-AWCで悪路走破性とオンロード快適性を両立。内装では徹底した遮音とヤマハ共同開発オーディオで上質な車内を実現し、初代からのクロスカントリーSUV思想を新世代フラッグシップとして磨き直した。","Auto Messe Web","https://newsatcl-pctr.c.yimg.jp/t/amd-img/20260912-00010012-amweb-000-1-view.jpg","https://news.yahoo.co.jp/articles/1f2ed51e708240e32510d76c89a09d9e58cac66b?source=rss","対象","あり","80.0","seat and display plus cabin image","新型パジェロは「走りだけ」じゃない！　開発者が明かす「悪路快適性」と「ヤマハ音響」の作り込み(Auto Messe Web)","2026年9月2日、新型パジェロがワールドプレミアされ、その姿が世界に披露された。本格的な悪路走破性と乗用車並みの快適性を融合させた「クロスカントリーSUV」という素性は初代からの一貫した思想であり、"
"日本","2026-09-13","日産エクストレイル一部改良、NISMOからROCK CREEKまで個性派充実","日産は2026年9月3日、エクストレイルを一部改良して発売した。標準車のGグレードに幾何学的な切削パターンを施した19インチアルミホイールやブラック化ルーフレールを採用。Xグレードはリアサイドスポイラーとブラック化18インチホイールに加え、リモコンオートバックドアを標準装備した。カスタムモデルではAUTECHとROCK CREEKに後席ヒーター付きシートやステアリングヒーター、リモコンオートバックドアを標準装備。AUTECH e-4ORCEにはNissanConnectインフォテインメントシステムを標準搭載し、ROCK CREEKは防水シートで「タフギア」感を強調。マルチベッドは2列目シート付近から荷室全体へ展開できるベッドシステムと汚れに強い硬質フロアパネルを備え、G e-4ORCEベースも加わった。","ベストカーWeb","https://newsatcl-pctr.c.yimg.jp/t/amd-img/20260913-00000010-bestcar-000-1-view.jpg","https://news.yahoo.co.jp/articles/1b820cd9717d8cc9c1b9af6f969d24628c03b382?source=rss","対象","あり","71.0","seat and display plus cabin image","【1週間まるわかり】エクストレイルもクラウンも一斉進化!!　プロボックスはついに「つながる営業車」など、自動車業界ニュースまとめ(9/4-9/7)(ベストカーWeb)","2026年9月上旬、国産車では日産 エクストレイルとトヨタ クラウンシリーズが相次いで一部改良を実施した。さらに、プロボックスへのコネクティッド機能追加、ジムニー用新パーツ、新世代スタンダードタイヤの"
"日本","2026-09-11","新型エルグランド福祉車両コンセプト、電動昇降シートとロングステップ搭載","日産モータースポーツ＆カスタマイズは東京ビッグサイトの「H.C.R.2026」で新型エルグランドをベースとした福祉車両コンセプトを参考出品する。2列目左側に車外へ電動で回転・昇降するスライドアップシートを装備し、前後スライドやリクライニングもリモコンで操作可能。助手席とスライドドアの乗降を同時にサポートするロングステップも搭載され、乗り降りのしやすさと高級ミニバンらしい快適性を両立する。","ベストカーWeb","https://newsatcl-pctr.c.yimg.jp/t/amd-img/20260911-00000008-bestcar-000-1-view.jpg","https://news.yahoo.co.jp/articles/8eb10737806d87deb4f7852531f1e1eec4a1f21b?source=rss","対象","あり","100.0","seat and display plus cabin image","新型エルグランドに早くも福祉車両登場!!　電動昇降シート装備のコンセプトを参考出品へ(ベストカーWeb)","日産モータースポーツ＆カスタマイズ(NMC)は、2026年10月7日から9日まで東京ビッグサイトで開催される「H.C.R.2026 第53回 国際福祉機器展＆フォーラム」に、ライフケアビークル(福祉車"
"日本","2026-09-13","2026年欧州版SUV10選、AUTOCARイチオシはレンジローバー・スポーツ","AUTOCAR英国編集部が選んだ2026年欧州版SUV10選の筆頭はレンジローバー・スポーツ。Pivo Proのレスポンスが速いデジタル技術やSVの635ps V8など幅広いパワートレインラインナップを備える。","AUTOCAR JAPAN","https://newsatcl-pctr.c.yimg.jp/t/amd-img/20260913-01276417-autocar-000-1-view.jpg","https://news.yahoo.co.jp/articles/b9e998a848e7a5f9c57799708e67aa382dc6bf4b?source=rss","対象","あり","78.0","seat and display plus cabin image","2026年欧州版　最も注目すべきSUV　10選（前編）　イチオシはレンジローバー・スポーツ　業界をリードする魅力的なクルマたち(AUTOCAR JAPAN)","SUVの爆発的な人気上昇は、まさに自動車業界における一大現象であり、多くの地域で販売ランキングを席巻している。  実用性、室内の広さ、快適性、汎用性、そして最新デジタル技術が巧みに融合されていることを"
"日本","2026-09-11","マクラーレン750Sスパイダー、センターコンソールスイッチで設定呼び出し","マクラーレン750Sスパイダーはセンターコンソールのスイッチで設定を呼び出せるMCLシステムや、軽量サスペンションによる硬いフットワークを備える。リトラクタブルハードトップで高速でも会話可能で、ビークルリフトシステムも4秒に短縮された。","AUTOCAR JAPAN","https://newsatcl-pctr.c.yimg.jp/t/amd-img/20260911-01276679-autocar-000-1-view.jpg","https://news.yahoo.co.jp/articles/3806f2008de40f686cdf560d98b220e8d539ac07?source=rss","対象","あり","78.0","seat and display plus cabin image","進化型『788HS』誕生　マクラーレン750Sスパイダーとのラストラン（後編）　未来への道筋はどうなる？【スーパーカー超王、魂の執筆】(AUTOCAR JAPAN)","そういえばと、これもマクラーレン750Sから採用された、センターコンソール上にあるマクラーレンのスピードマークが描かれたスイッチは何なのだろうと調べてみた。  するとこれは、ドライバーがあらかじめ選択"
"米国","2026-09-12","2026 Buick Envista STは忠実なファンへの愛の詩だが、競合車に劣る点も","2026 Buick Envista STは、137馬力の3気筒エンジンと6速ATを搭載する。内装は8インチデジタルメーターと11インチインフォテインメントを一体化したダッシュボード、対照的なステッチと刺繍ロゴを備えたシート、ピアノブラック調のセンターコンソールを採用。","CarScoops","https://www.carscoops.com/wp-content/uploads/2026/09/dfgndtjydrthwergefw-1024x576.jpg","https://www.carscoops.com/2026/09/buick-2006-envista-st-review/","非対象","","","","Buick’s 2006 Envista ST Is A Love Letter To Buick Loyalists | Review","PROS ›› Attractive pricing, Comfortable cabin, Easy to park CONS ›› Tough"
"米国","2026-09-13","ジェネシスGV60の発光球シフターは不要だが愛すべきデザイン","ジェネシスGV60は、点火後に回転してギア選択を行う発光球状のシフターを備える。筆者はマニュアルトランスミッションのない現代車において、この過剰なデザインこそが高級車の本質であり、10万ドル未満で得られる稀有な遊び心と洗練を称賛する。","Jalopnik","https://www.jalopnik.com/img/gallery/genesis-gv60s-glowing-orb-shifter-is-ridiculous-and-completely-unnecessary-and-i-couldnt-possibly-love-it-more/l-intro-1788990802.jpg","https://www.jalopnik.com/2254391/genesis-gv60-glowing-orb-crystal-sphere-shifter-design-love/","対象","あり","90.0","seat and display plus cabin image","Genesis GV60's Glowing Orb Shifter Is Ridiculous And Completely Unnecessary, And I Couldn't Possibly Love It More","Where's the fun in modern luxury cars? The excitement? The whimsy? In the Genesis GV60, apparently."
"米国","2026-09-12","MIT、自動運転車に「行動理由」を伝達するAIシステム開発","MITとMotionalは、自動運転車が「何を見て、なぜその行動を取るか」を人間に伝えるAIシステムを開発した。13000万の事例で学習した「Concept-Wrapper Network」により、交通コーンと停車車両の区別など、AIの判断プロセスを可視化し、運転者の理解向上とシステム改善を促す。","Jalopnik","https://www.jalopnik.com/img/gallery/new-mit-study-explores-improving-autonomous-driving-tech-by-letting-the-car-tell-you-what-its-doing-and-why/l-intro-1789146497.jpg","https://www.jalopnik.com/2256143/mit-study-improving-av-talking-car/","対象","あり","77.0","seat and display plus cabin image","New MIT Study Explores Improving Autonomous Driving Tech By Letting The Car Tell You What It's Doing And Why","Researchers designed a program that could tell a human what it saw and what it was doing."
"米国","2026-09-12","英国は EV を走行距離ごとに課税し、次はアメリカの番だ","電気自動車の売り文句は常にコストに依存していた。燃料税がかからない、給油所への移動が不要、走行距離あたりのコストが安い。英国はその売り文句を受け入れ、それを政策に組み込み、バッテリー動力への切り替えを推進してきた。しかし今、財務省は明白な問題に気づいた。","The Truth About Cars","https://cdn-fastly.thetruthaboutcars.com/media/2026/09/12/09552/britain-taxes-evs-by-the-mile-america-is-next.jpg?size=720x845&nocrop=1","https://www.thetruthaboutcars.com/cars/news-blog/britain-taxes-evs-by-the-mile-america-is-next-45136390?utm_medium=auto&utm_source=rss&utm_campaign=all_full","非対象","","","","Britain Taxes EVs By The Mile — America Is Next","The pitch for electric cars always leaned on  costs. No fuel taxes, no trips to the pump, cheaper miles. Britain took that pitch, wrote it into policy, and championed the switch to battery power. Now the treasury has noticed the obvious problem: every electric car on the road is a customer who no lo"
"米国","2026-09-11","1986年登場のマーキュリー・セイブルは、フォード・タウラスより洗練されたデザインと異なるダッシュボードを備えたアップグレードモデルだった","1986年発売のフォード・タウラスの姉妹車として登場したマーキュリー・セイブルは、より流線型のデザインと高級感のある内装を特徴とする。外観ではタウラスとは異なるフロントフェイスと「浮遊する屋根」デザインを採用し、内装では独自のダッシュボードデザインを許容された。","The Truth About Cars","https://cdn-fastly.thetruthaboutcars.com/media/2026/09/11/14591/post.jpg?size=720x845&nocrop=1","https://www.thetruthaboutcars.com/cars/features/rare-rides-icons-the-ford-taurus-modernizing-family-transportation-part-iv-45136375?utm_medium=auto&utm_source=rss&utm_campaign=all_full","非対象","","","","Rare Rides Icons: The Ford Taurus, Modernizing Family Transportation (Part IV)","When the Taurus sedan and wagon  launched in 1986  , the space-themed event included an upscale sibling that arrived as Mercury’s flagship offering. More aerodynamic looking and with nicer trim, the Sable was intended to appeal to a slightly more daring customer with its design. Let’s take a little"
米国,2026-09-11,車載画面への不満集中、スマホ接続と物理ボタンの使いやすさが課題,JD Powerの調査では、車載インフォテインメントが不具合の25％を占め、CarPlayなどスマホ接続への不満が多い。助手席画面は35％の所有者が未使用で、運転中の注意散漫も課題。記事は画面と物理ボタンの併用による操作性改善を重視している。,The Truth About Cars,https://cdn-fastly.thetruthaboutcars.com/media/2026/09/11/09531/when-the-screen-is-the-problem-cars-software-crisis.jpg?size=720x845&nocrop=1,https://www.thetruthaboutcars.com/cars/news-blog/when-the-screen-is-the-problem-cars-software-crisis-45136366?utm_medium=auto&utm_source=rss&utm_campaign=all_full,対象,あり,87.0,seat and display plus cabin image,When the Screen Is the Problem: Cars' Software Crisis,"If you have ever fought your own dashboard to change the temperature in your car or answer a phone call, the data now backs you up. Infotainment systems have become the single largest source of complaints from new-car owners, and while nearly every other part of the modern vehicle is getting better,"
"欧州","2026-09-13","1万マイルを走った絶滅危惧のSeat Ibiza","2017年の第5世代発売時はVWグループの頂点にあり、Fiestaを相手にした先進的なスーパーミニだった。9年経った現在は業界全体が変化した中、工場直しの新型はフロントエンドの厚みとモダンな内装を除き、2017年のプレプロダクション例とほぼ変わらない。","AUTOCAR UK","https://images.cdn.autocar.co.uk/sites/autocar.co.uk/files/styles/car_review_image_190/public/images/car-reviews/long-term-review/legacy/seat-ibiza-2026-jh-a-4-2.jpg?itok=vLF7BTPh","https://www.autocar.co.uk/car-review/seat/long-term-reviews/long-goodbye-10000-glorious-miles-endangered-seat-ibiza","非対象","","","","The long goodbye: 10,000 glorious miles in the endangered Seat Ibiza","They don't make superminis like they used to – but this Seat is a brilliant exception  Back in 2017, I flew to Barcelona to cover the launch of the fifth-generation Seat Ibiza. At that time, the Volkswagen Group was on a high; the Ibiza was at the cutting edge for a supermini; the Ford Fiesta was"
"欧州","2026-09-12","Renault 4 Plein Sud: カブリオレ仕様は買うべきか？","英国で約3年運転したRenault 4の新型キャンバストップ版Plein Sudは、Volkswagen T-Roc Cabrioletの終了後、初のキャンバストップSUVとされる。筆者は長期間雨降らずにいた中、この車に乗った直後にラジオで雨の報せを聞き、その偶然を皮肉に表現している。","AUTOCAR UK","https://images.cdn.autocar.co.uk/sites/autocar.co.uk/files/styles/car_review_image_190/public/images/car-reviews/first-drives/legacy/renault_4_plein_sud_lt_comparison.jpg?itok=dpsKa-yE","https://www.autocar.co.uk/car-news/features/renault-4-plein-sud-should-you-spec-suv-convertible","非対象","","","","Renault 4 Plein Sud: Should you spec this SUV as a 'convertible'?","Long hot summer comes to an end just in time for convertible's arrival - but is it the one to have?    You simply couldn’t write it. It hadn’t rained in nearly nine weeks, but naturally the second I took my seat in the first ‘convertible’ I’d driven in the UK for almost three years, the radio anno"
"欧州","2026-09-12","Audi RS5はRS4後継で2.4トンPHEVだが運転は楽しい","RS4の後継となる2.4トン級のプラグインハイブリッド車だが、エンジニアは運転が非常に楽しいと約束している。従来の「速いアウディ＝不足する」という先入観を覆す。","AUTOCAR UK","https://images.cdn.autocar.co.uk/sites/autocar.co.uk/files/styles/car_review_image_190/public/audi-rs5-review-2026-117.jpg?itok=uCaPOKnv","https://www.autocar.co.uk/car-review/audi/rs5","非対象","","","","Audi RS5: Full test of the V6 hyper-wagon that beats physics","RS4 replacement is a 2.4-tonne plug-in hybrid, yet the engineers promise it’s much more fun to drive  Preconceptions can be awfully sticky. Think ‘fast Audi’ and you might still think of understeer and numb steering, but a quick dive into the Autocar archive reveals that all the way back in 2006, w"
"欧州","2026-09-11","アルピナ創業者がBMW Z4を429馬力に強化したSpiderを99台限定で発表","アルピナ創業者らが設立したBovensiepenは、BMW Z4をベースに429馬力のSpiderを99台限定で2027年初頭に発売する。価格はドイツで約99万ポンドで、内装はVernascaレザーシートやLavalinaステアリング、Alcantaraウィンドシールドを備える。","AUTOCAR UK","https://images.cdn.autocar.co.uk/sites/autocar.co.uk/files/styles/car_review_image_190/public/images/car-reviews/first-drives/legacy/bovensiepen_spider_07.jpg?itok=W1yQFTbE","https://www.autocar.co.uk/car-news/new-cars/new-bovensiepen-spider-revealed-%C2%A399k-bmw-z4-429bhp","非対象","","","","New Bovensiepen Spider revealed as £99k BMW Z4 with 429bhp","Alpina founders turn retired roadster into a 183mph ’bahnstormer with lashings of leather  Bovensiepen, the new marque set up by the founders of Alpina, has turned the BMW Z4 into a 429bhp collector special called the Spider. The brand's third car – after the £320k Zagato coupé and £144k 05 GT est"
"欧州","2026-09-11","BMW Z4後継のボヴェンゼーペン・スパイダー、99台限定で183mph達成","ボヴェンゼーペン社がBMW Z4の後継として開発したスパイダーは、真皮とアルカンタラでリトリムされた内装に20インチ鍛造ホイールを備える。3.0Lツインターボ直列6気筒エンジンを429bhpにチューニングし、ZF 8速オートマチックを標準搭載する。","Auto Express","https://media.autoexpress.co.uk/image/private/s--jAey_ogk--/t_rss_image_w_845/v1789129114/autoexpress/2026/09/New%20Bovensiepen%20Spider%20-%20front%20angled_qhlkoj.jpg","https://www.autoexpress.co.uk/bmw/z4/370421/miss-bmw-z4-new-bovensiepen-spider-gives-roadster-one-last-hurrah","対象","あり","79.0","seat and display plus cabin image","Miss the BMW Z4? New Bovensiepen Spider gives the roadster one last hurrah","Just 99 examples of this leather-linned 183mph drop-top will be made, priced from close to £100k"
"欧州","2026-09-11","2026年発売のLeapmotor B03Xは広々だが情報系は不満","2026年発売のLeapmotor B03Xは広々とした空間と405リットルの荷室を備えるが、14.6インチのタッチスクリーンは遅く、ADASは不安定だ。内装はダッシュボードのモールコード柄や「Leapy」マスコットで個性化され、シートはヒーター付き。","Auto Express","https://media.autoexpress.co.uk/image/private/s--9t4RMeLB--/t_rss_image_w_845/v1789043112/autoexpress/2026/09/Leapmotor%20B03X%202026-10.jpg","https://www.autoexpress.co.uk/leapmotor/b03x/370408/new-leapmotor-b03x-2026-review-spacious-infuriating","対象","あり","78.0","seat and display plus cabin image","New Leapmotor B03X 2026 review: spacious but infuriating","The new Leapmotor B03X SUV has plenty of plus points, but the frustrating infotainment and safety systems hold it back"
"欧州","2026-09-11","中国系Chery、英国でEV4新車発表、内装も英国好みに最適化","Cheryは英国でEVを含む4新車を発表し、内装やコックピットを英国好みに最適化。英国では29,000台以上を販売し、モーターショーで新EVの詳細を公開予定。","Auto Express","https://media.autoexpress.co.uk/image/private/s--R3oDuL9n--/t_rss_image_w_845/v1789112909/autoexpress/2026/09/Chery%20range.jpg","https://www.autoexpress.co.uk/chery/370411/future-chery-fast-growing-chinese-brand-plans-four-new-cars","非対象","","","","Future of Chery: fast-growing Chinese brand plans four new cars","Four new models to include an EV and a new Tiggo SUV, says UK country manager Farrell Hsu"
"中国","2026-09-13","BYDは来年、実証車に全固体電池を搭載する予定で、ステラ・リー副社長が確認した。","BYDのステラ・リー副社長は、来年に全固体電池を搭載した実証車を発表すると明かした。ただし、量産化や販売時期は未定であり、技術実証段階にとどまる。硫黄系電解質を採用するFinDreamsの技術が基盤となり、BYDはCASIPという政府支援のプラットフォームでも開発を進めている。","CarNewsChina - All","https://carnewschina.com/wp-content/uploads/2026/09/image-6_webhook_1500x900_q85_1789303759.jpg","https://carnewschina.com/2026/09/13/byd-to-put-solid-state-battery-technology-into-a-vehicle-next-year-executive-confirms/","非対象","","","","BYD to put solid-state battery technology into a vehicle next year, executive confirms","BYD Executive VP Stella Li confirms a solid-state EV demonstrator is coming next year. Here is what FinDreams’ sulfide patents and 2030 roadmap actually show. The post BYD to put solid-state battery technology into a vehicle next year, executive confirms appeared first on CarNewsChina.com."
"中国","2026-09-13","中国でランローバー風のカスタマイズが施されたXPENG GXが確認された","中国でXPENG GXがランローバーのデザインを模倣した状態で発見された。ボディにはブロンズトリムや「Range Rover」の文字が施され、ステアリングにも同様の刻印がある。内装は2+2+2のシート配置を採用し、運転席には2本スポークのステアリングが備わる。","CarNewsChina - All","https://carnewschina.com/wp-content/uploads/2026/09/xpeng_gx_range_rover-1500x844.jpg","https://carnewschina.com/2026/09/13/the-xpeng-gx-was-turned-into-the-range-rover-in-china/","非対象","","","","The Xpeng GX was turned into the Range Rover in China","The Xpeng GX was seen in China, tuned to look like the Range Rover. This EV previously made headlines for its similarity to the British SUV. The post The Xpeng GX was turned into the Range Rover in China appeared first on CarNewsChina.com."
"中国","2026-09-13","9月21日に発売される吉利EX5は、巨大なフロント トランクと245kWのモーターを備え、進化を遂げる","9月21日に中国で発売される吉利EX5は、最大積載量50kgの巨大フロントトランクを備える。後輪駆動化により出力は245kW（329馬力）に向上し、最高速度は201km/hに達する。","CarNewsChina - All","https://carnewschina.com/wp-content/uploads/2026/09/geely_ex5_frunk-1500x844.jpg","https://carnewschina.com/2026/09/13/the-new-geely-ex5-reveals-a-huge-front-trunk-in-china-ahead-of-launch-in-sept/","非対象","","","","The new Geely EX5 reveals a huge front trunk in China ahead of launch in Sept","The all-new Geely EX5 was unveiled with a huge front trunk (frunk) in China ahead of the launch scheduled for September 21 The post The new Geely EX5 reveals a huge front trunk in China ahead of launch in Sept appeared first on CarNewsChina.com."
"中国","2026-09-13","シャオミ・スキノマッドEREV SUVの中国での納車が始まった","Xiaomi Skynomadシリーズが中国で納車を開始し、CEOのレイ・ジュン氏が上海や徐州でイベントに出席した。N70 Proは209,900元、N90 Max Explorer Editionは299,900元で、後部座席用折りたたみテントや後部プロジェクターなどのオプションがある。内装は前後座席を180度回転させたり、センターコンソールをスライドさせたりするMPVライクなコックピットを採用し、9Lの移動式冷蔵庫や天井マウントディスプレイも備える。","CarNewsChina - All","https://carnewschina.com/wp-content/uploads/2026/09/skynomad_d-scaled_webhook_1500x900_q85_1789287480.jpg","https://carnewschina.com/2026/09/13/xiaomi-skynomad-erev-suv-begins-deliveries-in-china-ceo-lei-jun-hands-over-keys-to-owners/","非対象","","","","Xiaomi Skynomad EREV SUV begins deliveries in China, CEO Lei Jun hands over keys to owners","Xiaomi's Skynomad lineup of EREV SUVs has begun deliveries in China, with pricing between 31,300 and 44,100 USD. The post Xiaomi Skynomad EREV SUV begins deliveries in China, CEO Lei Jun hands over keys to owners appeared first on CarNewsChina.com."
"中国","2026-09-13","Lynk & Co 900 火災、ディーラーはポータブル電源の落下を指摘","中国杭州で Lynk & Co 900 が発火したが、ディーラーは高電圧バッテリー発火を否定し、通行人がポータブル電源を車下へ蹴り込んだと主張。消防署による公式調査結果は未発表で、バッテリーの関与は不明。","CarNewsChina - All","https://carnewschina.com/wp-content/uploads/2026/09/weixin-image_20260913123714_173_2-large-1500x871.jpg","https://carnewschina.com/2026/09/13/lynk-co-900-catches-fire-dealer-claims-a-pedestrian-kicked-a-power-bank-under-it/","対象","なし","41.0","fire incident with exterior image; no interior cabin/seat/HMI/material details i","Lynk & Co 900 catches fire, dealer claims a pedestrian kicked a power bank under it","A Lynk & Co dealership attributes a 900 SUV fire in Hangzhou, China to a power bank, while the official cause remains pending investigation. The post Lynk & Co 900 catches fire, dealer claims a pedestrian kicked a power bank under it appeared first on CarNewsChina.com."
"中国","2026-09-12","BYDヤンワンは、ロールスロイスとの競合となる新型セダンとSUVを中国で開発中である","BYDの高級ブランド「ヤンワン」は、ロールスロイス・ファントムやカullinanと競合する新型セダンとSUVの開発を進めている。セダンにはコーチドアやメーバッハ風のホイールが装備され、SUVにはLiDARを搭載したDiPilot 600システムを採用する。","CarNewsChina - All","https://carnewschina.com/wp-content/uploads/2026/09/yangwang_b-1-1500x844.jpg","https://carnewschina.com/2026/09/12/byds-yangwang-developing-rolls-royce-fighters-phantom-and-cullinan-rivals-spotted-in-china/","非対象","","","","BYD’s Yangwang developing Rolls-Royce fighters, Phantom and Cullinan rivals spotted in China","The new SUV is a departure from the off-road focused U8 lineup, while the sedan is likely to become one of BYD's largest cars. The post BYD’s Yangwang developing Rolls-Royce fighters, Phantom and Cullinan rivals spotted in China appeared first on CarNewsChina.com."
"中国","2026-09-11","BYDは追加で10隻の発注を受け、輸出能力を250万台に拡大","BYDは中国商船産業に10隻の純粋自動車運搬船を発注し、2027年から2029年にかけて納入される予定である。これにより船団の総運搬能力は13万CEUを超え、年間輸出能力は250万台に達すると見込まれる。","CarNewsChina - All","https://carnewschina.com/wp-content/uploads/2026/09/9286204.webp","https://carnewschina.com/2026/09/11/byd-orders-10-more-vessels-with-capacity-for-9200-cars-each-report-says/","非対象","","","","BYD orders 10 more vessels with capacity for 9,200 cars each, report says","Combined capacity 92.000 cars.  The post BYD orders 10 more vessels with capacity for 9,200 cars each, report says appeared first on CarNewsChina.com."
"中国","2026-09-11","MG 07は20日間で4.2万件の注文を獲得しました","MG 07は中国で20日以内に42,000件のロックされた注文に達しました。PHEV/BEVの価格は補助金適用後15,790ドルから。オプションにはLiDAR、mCDCダンピング、長距離グレードへの800Vアーキテクチャが含まれます。","CarNewsChina - All","https://carnewschina.com/wp-content/uploads/2026/09/55f4b1d9aaf8d9ea4d2df4196b7bf46b-1429x900.jpg","https://carnewschina.com/2026/09/11/mg-07-passes-42000-locked-orders-in-china-after-20-days/","非対象","","","","MG 07 passes 42,000 locked orders in China after 20 days","MG 07 has passed 42,000 locked customer orders in China within 20 days of launch, with PHEV and BEV versions starting at 15,790 USD. The post MG 07 passes 42,000 locked orders in China after 20 days appeared first on CarNewsChina.com."
"中国","2026-09-11","広州工場での右ハンドル仕様G9Lの生産が完了し、オーストラリアへの輸出を開始した","広州工場にて右ハンドル仕様のG9Lが生産完了し、オーストラリアへ輸出される。価格は25万9800元で、Li AutoのLi L7やHuawei傘下のAito M7と競合する。","CnEVPost - All","https://cnevpost.com/wp-content/uploads/2026/09/2026091103333384.jpg","https://cnevpost.com/2026/09/11/xpeng-first-right-hand-drive-g9l-roll-off-line/","非対象","","","","Xpeng's first right-hand-drive G9L SUVs roll off production line, bound for Australia","The right-hand-drive G9L has rolled off the production line at Xpeng's Guangzhou plant, with the model set to enter 64 countries and regions. For details, please visit CnEVPost (cnev.co)."
"中国","2026-09-11","中国、2030年乗用車NEV比率70% 目標で自動運転技術大展開方針示す","中国は2026年〜2030年の5カ年計画において、2030年までに新車販売の70% をNEV（新エネルギー車）とし、自動運転車を大規模に展開する方針をMIITが発表した。同計画では、自動運転技術の成熟度評価やバッテリー安全性の向上を掲げている。","CnEVPost - All","https://cnevpost.com/wp-content/uploads/2026/09/2026091102004865.jpg","https://cnevpost.com/2026/09/11/china-unveils-five-year-nev-plan/","対象","あり","70.0","seat and display plus cabin image","China unveils five-year NEV plan, targets 70% share of passenger-car sales by 2030","China targets NEV shares of 70% for passenger-car sales and 40% for commercial-vehicle sales by 2030, alongside large-scale deployment of autonomous vehicles. For details, please visit CnEVPost (cnev.co)."
"インド","2026-09-13","2026年式BMW 7シリーズフェイスリフト、1950万ルピーでインド発売","BMWはインドで2026年式7シリーズフェイスリフトを1950万ルピーで発売した。内装は17.9インチ中央タッチスクリーンと14.6インチ乗員ディスプレイ、31.3インチ8Kリアシアタースクリーンを備える。シートは電動調整・ヒーター・ベンチレーター・マッサージ機能を搭載し、ディーゼルモデルは廃止された。","Autocar India - All","https://asset.autocarindia.com/static/image-galleries/images/20260912_185439_18aeda47.jpg","https://www.autocarindia.com/auto-images/2026-bmw-7-series-facelift-image-gallery-440461","対象","あり","78.0","seat and display plus cabin image","2026 BMW 7 Series facelift image gallery","BMW has launched the facelifted 7 Series in India at Rs 1.95 crore. The updated sedan gets revised styling, a redesigned cabin and a 3.0-litre turbo-petrol engine with a 48V mild-hybrid system. The India-spec 7 Series is now offered only as the petrol-powered 740, with the diesel version dropped. In"
"インド","2026-09-13","アプリリア・トゥーノ457スペシャルエディション発売、快適性向上","Aprilia Indiaが発売したTuono 457 Special Editionは、より直立したライディングポジションを可能にする高めのハンドルと厚みのあるシートを備える。また、吸煙加工のフライスクリーンや調整可能なフロントブレーキレバーといった快適装備も採用され、2006年モデルのラiveryを基調としたMamba BlackやPuma Greyの2色で販売される。","Autocar India - All","https://asset.autocarindia.com/static/image-galleries/images/20260911_085850_afdf49fe.jpg","https://www.autocarindia.com/auto-images/aprilia-tuono-457-special-edition-image-gallery-440460","非対象","","","","Aprilia Tuono 457 Special Edition Image Gallery","Aprilia India has launched the Tuono 457 Special Edition, introducing a range of ergonomic and comfort-focused upgrades over the standard Tuono 457. Aprilia says the changes to the Special Edition are focused on comfort and daily usability. The updates include a taller handlebar, which should transl"
"インド","2026-09-13","トヨタ・イノバクリスタの購入理由と避けるべき点3選","2016年発売のトヨタ・イノバクリスタは、2.4リットルディーゼルエンジンと5速マニュアル、7〜8人乗りで信頼性が高いが、197.2万〜267.7万ルピーの価格に対し内装は硬質素材が多く、インフォテインメントも古く、ステアリングは重くハンドリングも苦手な面がある。","Autocar India - All","https://asset.autocarindia.com/static/features/images/20260910_121843_873f880a.jpg","https://www.autocarindia.com/auto-features/3-reasons-to-buy-the-innova-crysta-and-2-to-skip-it-441042","非対象","","","","3 reasons to buy the Innova Crysta and 2 to skip it","The Toyota Innova Crysta has been a mainstay in the Indian MPV market for years, building a reputation for longevity, reliability and practicality. It is powered by a 2.4-litre diesel engine paired with a 5-speed manual gearbox and is available in seven- and eight-seat configurations. Here are three"
"インド","2026-09-12","インドH1 2026純EVがハイブリッド2倍以上売れdomesticメーカー主導","インド市場でH1 2026に純粋電気自動車（EV）がハイブリッド車を2倍以上上回って販売され、国産メーカーが最大シェアを占めている。世界ではハイブリッドが主流だが、インドは例外でEVが先行している。","GaadiWaadi","https://gaadiwaadi.com/wp-content/uploads/2026/07/Mahindra-XEV-9S-17.jpg","https://gaadiwaadi.com/pure-electric-cars-outsell-hybrids-by-more-than-two-to-one-in-h1-2026/","非対象","","","","Pure EVs Outsell Hybrids By More Than 2:1 In H1 2026","GaadiWaadi - Pure electric models lead electrified car sales in India in the first half of the year, with homegrown automakers holding the maximum market share Hybrid cars have long been leading electrification in many key auto markets worldwide, but India is one of the exceptions. With a much wider"
"インド","2026-09-12","BMW 7シリーズとi7、8Kスクリーンと728km航続で進化","BMW Indiaは2026年式7シリーズとi7のアップデート版を発表した。7シリーズは1.95 croreの740xDriveのみで、i7は1.95 croreの50 xDriveと2.65 croreのM70 xDriveの2グレード。i7は112.5kWhバッテリーで50 xDriveが728km、M70 xDriveが686kmの航続距離を確保。内装は17.9インチタッチスクリーン、14.6インチ助手席モニター、ダッシュボード上のスリムスクリーン、31.3インチ8Kルーフスクリーン、ボーズ＆ウィルキンス4Dサウンドシステムを備える。","IndiaCarNews","https://www.indiacarnews.com/wp-content/uploads/2026/09/2026-BMW-i7-facelift.webp","https://www.indiacarnews.com/news/new-german-luxury-sedan-gets-728km-range-8k-screen-more-68996/","対象","あり","82.0","seat and display plus cabin image; flagship interior refresh","New German Luxury Sedan Gets 728km Range, 8K Screen & More","BMW India has recently introduced the updated versions of its flagship sedans – the 7 Series and i7. The 2026 BMW 7 Series is available in a single 740xDrive variant, priced at Rs 1.95 crore. Meanwhile, the 2026 BMW i7 facelift is offered in two trims – i7 50 xDrive and i7 M70 xDrive – […]"
"インド","2026-09-11","インドでCNG SUV・MPV 4新車、2026年秋から発売予定","インドの代替燃料市場でCNGが25.2% を占める中、Kia Carens、Hyundai Bayon、Tata CurvvのCNG版が2026年秋以降に登場。Kia車は1.5L自然吸気エンジンに工場でCNGキット装着、燃料効率22〜25km/kg。","IndiaCarNews","https://www.indiacarnews.com/wp-content/uploads/2025/03/New-Kia-Carens.webp","https://www.indiacarnews.com/news/4-new-high-mileage-cng-suvs-mpvs-launching-soon-68992/","非対象","","","","4 New High Mileage CNG SUVs & MPVs Launching Soon","The Indian automotive industry has been witnessing a gradual shift towards alternative fuels, including CNG, hybrid and electric vehicles. In August 2026, alternative fuels surpassed petrol-powered cars for the first time, accounting for 41.9% of passenger vehicle retail sales. Among these, CNG vehi"
"インド","2026-09-11","ヒュンダイVenueにBluelink遠隔Immobilizer追加で盗難防止強化","ヒュンダイ・インディアはVenueのccNC搭載HX10・N10モデルに、Bluelinkアプリで遠隔Immobilizerを追加。キー複製時でも再始動を防止し、位置追跡も可能。2025年11月以降販売車はC-OTA更新で導入され、2026年9月より標準化される。","IndiaCarNews","https://www.indiacarnews.com/wp-content/uploads/2026/09/2-3.webp","https://www.indiacarnews.com/news/new-car-feature-helps-prevent-theft-even-after-key-cloning-68990/","非対象","","","","New Hyundai Feature Helps Prevent Theft Even After Key Cloning","Hyundai Motor India has enhanced vehicle security on the Hyundai Venue and Venue N Line with the introduction of Hyundai Bluelink Remote Immobiliser. This update is now available in the connected-car-Navigation-Cockpit (ccNC) equipped HX10 and N10 variants of the Hyundai VENUE and VENUE N Line, resp"
"インド","2026-09-13","JSW Combat、インド投入で15.6インチHMIと18.4kWhバッテリー搭載","JSW Motorsの初モデル「Combat」は、Chery Jetour T2をベースに12スピーカーや540度カメラを備える。1.5Lターボと2モーターのPHEVで360馬力を発揮し、18.4kWhバッテリーで90kmのEV航続距離を確保する。価格は300万〜500万ルピーで、12月発売予定。","Auto Punditz","https://static.wixstatic.com/media/1da610_bbf0a12795624d00ae1d7a5231c09092~mv2.png/v1/fit/w_1000,h_1000,al_c,q_80/file.png","https://www.autopunditz.com/post/jsw-combat-jetour-t2-india-launch-price-specs","非対象","","","","JSW Combat Confirmed as Name for Jetour T2-Based SUV; India Launch Expected This Festive Season","JSW Motors is preparing to make its independent entry into the Indian passenger vehicle market, and its first model is now expected to be called the JSW Combat. The upcoming SUV will be based on the Chery Jetour T2, a rugged five-seat SUV sold in several international markets. For India, the model i"
"インド","2026-09-12","BMWインド、26年H2にEV販売比率30%へ拡大し高級車市場を牽引","BMWインドは26年H2にEV販売比率を30%に引き上げる計画で、現地生産のBMW i7は1950万ルピーから販売開始。高級車市場の拡大に伴い、2030年には年間10万台の売上を目指す。","Auto Punditz","https://static.wixstatic.com/media/1da610_c7d623f4ba5d40478883eaa3f43abc7a~mv2.png/v1/fit/w_1000,h_1000,al_c,q_80/file.png","https://www.autopunditz.com/post/bmw-india-30-percent-ev-penetration-h2-2026","非対象","","","","BMW India Targets 30% EV Share in H2 2026 as Luxury Car Market Expands","BMW India is targeting around 30% EV penetration in H2 2026 after electric vehicles accounted for 26% of its H1 sales. Local production, a wider EV portfolio and rapid premiumisation are expected to drive further growth."
"米国","2026-09-12","テスラ、新ロードスターを10月1日公開へロケット発射照明でティーザー画像公開","テスラは初のプロトタイプから9年ぶりに新ロードスターの公開を10月1日に予告している。同社は金曜日に「Go for launch」というティーザー画像を投稿し、ロケット発射時の照明に包まれた電気ハイパーカーを「10.01」という日付と共に披露した。","Electrek","https://electrek.co/wp-content/uploads/sites/3/2026/09/image.jpg?quality=82&#038;strip=all&#038;w=1600","https://electrek.co/2026/09/12/tesla-roadster-october-1-reveal-teaser/","非対象","","","","Tesla teases new Roadster reveal for October 1: ‘Go for launch’","Tesla is teasing an October 1 reveal for the new Tesla Roadster, nine years after it first showed the prototype. The company posted a “Go for launch” teaser image Friday showing the electric hypercar bathed in rocket-launch lighting, with the date “10.01” stamped across it. more…"
"米国","2026-09-11","テスラCybercabのステアリング、Cybertruckホイール装着確認","カリフォルニア州バークレイで撮影されたCybercabの試作車は、ステアリングを備えた状態が確認された。画像はElectrekの読者Adam Machacekが提供し、Cybertruckのホイールを装着した姿が写っている。","Electrek","https://electrek.co/wp-content/uploads/sites/3/2026/09/tesla-cybercab-steering-featured.jpg?quality=82&#038;strip=all&#038;w=1600","https://electrek.co/2026/09/11/tesla-cybercab-steering-wheel-assembly-first-look/","対象","あり","79.0","steering wheel and dashboard image plus cabin image","First look at Tesla Cybercab’s steering: a Cybertruck wheel bolted on","A pre-production Tesla Cybercab was spotted parked on a street in Berkeley, California, and it gives us the clearest look yet at how Tesla puts a steering wheel into a car it designed to have none. The photos, shared with Electrek by reader Adam Machacek, show a Cybertruck steering wheel mounted on"
"欧州","2026-09-11","R3リチウム、ジョージアでリサイクル工場稼働開始","R3リチウムは米国ジョージア州でリサイクル電池材料から炭酸リチウムを生産する工場を稼働させた。既存の年間2500トンの設計能力を持つ施設は、今や連続的な商業運用へと移行している。","Electrive","https://www.electrive.com/media/2026/09/202609-r-3-lithium-fabrik-georgie-usa-electrive-400x226.avif","https://www.electrive.com/2026/09/11/r3-lithium-launches-lithium-recycling-facility-in-georgia/","非対象","","","","R3 Lithium launches lithium recycling facility in Georgia","R3 Lithium has started producing lithium carbonate from recycled battery materials in the US state of Georgia. The existing plant is designed for 2,500 tons per year and is now being transitioned to continuous commercial operation."
"欧州","2026-09-11","日産、欧州向け新EV「ピクソ」正式発表9月23日詳細公開へ","日産は9月9日の世界EVデーに欧州向けAセグメントEV「ピクソ」の名称を発表した。同車は9月23日のイベントで動力源や航続距離、価格などの詳細が明らかになる予定で、リーフやミクラと共に欧州EVラインナップに加入する。","Automotive World","https://media.automotiveworld.com/app/uploads/2026/09/11192054/nissan-pixo-teaser.jpg","https://www.automotiveworld.com/news/nissan-names-its-new-a-segment-all-electric-city-car-pixo/","非対象","","","","Nissan names its new A-segment all-electric city car Pixo","Nissan's Pixo reveal sets up a September countdown for a compact EV entering a crowded and competitive European market The post Nissan names its new A-segment all-electric city car Pixo appeared first on Automotive World."
"欧州","2026-09-11","フォード、ケンタッキー工場に10億ドル投資で塗装施設新設","フォードはルイビル工場の塗装施設に10億ドルを投資し、50億ドルの全米製造計画の一環として新設する。同工場ではFシリーズスーパーデューティやエクスペディションを45秒に1台のペースで組み立てている。","Automotive World","https://media.automotiveworld.com/app/uploads/2026/09/11144729/ford-us-investment-scaled.jpg","https://www.automotiveworld.com/news/ford-commits-us1bn-to-new-kentucky-truck-plant-paint-shop/","非対象","","","","Ford commits US$1bn to new Kentucky Truck Plant paint shop","The US$1bn Kentucky Truck Plant paint shop is part of a US$5bn Ford commitment spanning EVs, battery storage and legacy production The post Ford commits US$1bn to new Kentucky Truck Plant paint shop appeared first on Automotive World."
"インド","2026-09-11","ボルボXC40/EX40/EC40、新安全・テック機能追加で更新","ボルボはXC40、EX40、EC40のデザイン、内装、安全システムを刷新。外装は新ヘッドライトやホイール、内装は11.2インチディスプレイとGoogle Gemini AI搭載。安全装備はレーダーやカメラの拡張、ドア開閉アラート、360度カメラの3D化など。生産は秋から開始予定。","MotorBeam","https://dvps8uz7lyvra.cloudfront.net/wp-content/uploads/2027-Volvo-XC40-Range.jpg","https://www.motorbeam.com/new-volvo-xc40-ex40-ec40-updates/","対象","あり","78.0","seat and display plus cabin image","Volvo XC40, EX40, EC40 Updated With New Safety & Tech Features","Volvo Cars has announced a series of updates for its 40-series models, with the XC40, EX40 and EC40 receiving revisions to their design, cabin... The post Volvo XC40, EX40, EC40 Updated With New Safety & Tech Features appeared first on MotorBeam."
"米国","2026-09-11","BMW Z22コンセプト、テスラより13年前に画面主導内装実現","1999年BMW Z22は計器クラスターを大型中央画面に置き換え、サイドミラーをカメラで代替した。BMWテクニックが70の革新を達成したこの研究車は、2027年7シリーズでデジタルリアビューミラーを27年後に実装。Z22の画面主導コンセプトは、テスラModel Sよりも13年前に実現された。","BMWBLOG","https://cdn.bmwblog.com/wp-content/uploads/2020/05/The-BMW-Z22-Concept-Car-8-830x612.jpg","https://www.bmwblog.com/2026/09/11/bmw-z22-concept-1999-screen-cabin-digital-mirror/","対象","あり","89.0","seat and display plus cabin image","BMW Built A Screen-First Cabin 13 Years Before The Tesla Model S","BMW’s research car put a screen in charge of the cabin and cameras where the mirrors go, 13 years before the Tesla Model S reached its first customers. BMW was thinking about how a car... First published by https://www.bmwblog.com"
"米国","2026-09-11","1969 年 11 月 14 日、アポロ 12 号がパッドを離脱してから 36 秒半後、雷がサターン V 号とその排気尾跡を通過しました。その 15 秒半後、2 回目の打撃が加わりました。地上のテレメトリは無意味な数字に溶解し、カビンは警告灯で埋め尽くされました。","1969 年 11 月 14 日、アポロ 12 号を運ぶサターン V ロケットは、飛行開始直後の 1 分間に 2 回雷に打たれた。このミッションが生き延びたのは、26 歳のフライトコントローラーが、テレメトリーデータに奇妙なパターンを認識したからである。","Theartfulage.com","https://theartfulage.com/wp-content/uploads/2026/09/thirty-six-and-a-half-seconds-after-apol.jpg","https://theartfulage.com/ap-thirty-six-and-a-half-seconds-after-apollo-12-left-the-pad-on-14-november-1969-lightning-travelled-through-the-saturn-v-and-its-exhaust-trail-and-fifteen-and-a-half-seconds-later-a-second-strike/","非対象","","","","Thirty-six and a half seconds after Apollo 12 left the pad on 14 November 1969, lightning travelled through the Saturn V and its exhaust trail, and fifteen and a half seconds later a second strike hit — telemetry on the ground dissolved into nonsense numbers and the cabin filled with warning lights","On 14 November 1969, lightning struck the Saturn V carrying Apollo 12 twice in the first minute of flight. The mission survived because a 26-year-old flight controller recognised a strange pattern in the telemetry — one he had seen once before, on a night shi…"
